close_time,symbol,side,reason,entry_price,exit_price,amount,pnl,pnl_pct,balance,entry_time,adx,rsi,atr_pct
2026-03-25T00:00:07.509558+00:00,BTC/USDT,SHORT,TIMEOUT,70361.48,70581.61,150.0,-0.4693,-0.31,593.24,2026-03-24T04:32:26.808055+00:00,0,0,0
2026-03-25T00:00:07.783913+00:00,ETH/USDT,SHORT,TIMEOUT,2134.82,2156.81,127.5,-1.3133,-1.03,719.42,2026-03-24T04:32:27.119357+00:00,0,0,0
2026-03-25T00:00:08.058820+00:00,AVAX/USDT,SHORT,TIMEOUT,9.5,9.64,108.375,-1.5971,-1.47,826.2,2026-03-24T04:32:28.356329+00:00,0,0,0
2026-03-25T00:00:08.334706+00:00,LINK/USDT,LONG,TIMEOUT,9.07,9.25,92.1187,1.8282,1.98,920.15,2026-03-24T04:32:28.657265+00:00,0,0,0
2026-03-25T00:00:08.609376+00:00,ADA/USDT,LONG,TIMEOUT,0.26,0.2667,78.3009,2.0178,2.58,1000.47,2026-03-24T04:32:28.950590+00:00,0,0,0
2026-03-25T00:21:38.448193+00:00,NEAR/USDT,LONG,SL,1.292,1.292646,150.0699,0.075,0.05,594.06,2026-03-25T00:00:11.726947+00:00,20.7,50.4,0.00464
2026-03-25T00:30:37.781899+00:00,DOGE/USDT,LONG,SL,0.09524,0.09484549380823903,127.5594,-0.5284,-0.41,631.98,2026-03-25T00:15:21.032683+00:00,35.5,75.5,0.00414
2026-03-25T00:30:38.056069+00:00,ADA/USDT,LONG,SL,0.2681,0.26682951579829967,108.4255,-0.5138,-0.47,739.89,2026-03-25T00:15:21.960668+00:00,41.0,79.0,0.00474
2026-03-25T00:30:38.332498+00:00,SUI/USDT,LONG,SL,0.9566,0.9525230355838202,92.1617,-0.3928,-0.43,831.66,2026-03-25T00:15:22.259244+00:00,43.5,77.5,0.00426
2026-03-25T00:30:38.608258+00:00,WIF/USDT,LONG,SL,0.193,0.19112877266468326,78.3374,-0.7595,-0.97,909.24,2026-03-25T00:15:22.863578+00:00,36.0,54.9,0.0097
2026-03-25T00:38:31.457348+00:00,WIF/USDT,SHORT,SL,0.191,0.19281433517368377,136.3857,-1.2955,-0.95,907.94,2026-03-25T00:30:42.314293+00:00,35.5,46.2,0.0095
2026-03-25T00:40:46.248490+00:00,NEAR/USDT,SHORT,SL,1.292,1.297942287136657,89.1086,-0.4098,-0.46,860.45,2026-03-25T00:30:07.494337+00:00,14.2,49.0,0.0046
2026-03-25T00:41:20.272647+00:00,WIF/USDT,SHORT,SL,0.193,0.1929035,136.1914,0.0681,0.05,867.64,2026-03-25T00:38:34.868489+00:00,35.5,46.2,0.0094
2026-03-25T01:07:48.355548+00:00,WIF/USDT,SHORT,SL,0.193,0.1929035,130.1463,0.0651,0.05,583.13,2026-03-25T00:41:23.952551+00:00,35.5,46.2,0.0094
2026-03-25T01:26:09.148379+00:00,SOL/USDT,LONG,SL,91.48,91.02270818416005,79.9261,-0.3995,-0.5,575.18,2026-03-25T00:45:17.948905+00:00,36.3,76.4,0.005
2026-03-25T01:34:48.660454+00:00,BTC/USDT,LONG,SL,70931.05,70645.53294256046,110.6243,-0.4453,-0.4,599.09,2026-03-25T00:45:17.361349+00:00,41.7,73.3,0.00403
2026-03-25T01:42:05.621166+00:00,NEAR/USDT,SHORT,SL,1.298,1.2950288564316716,129.0675,0.2954,0.23,728.45,2026-03-25T00:40:49.653276+00:00,14.2,49.0,0.00458
2026-03-25T02:01:08.132349+00:00,ETH/USDT,LONG,SL,2165.37,2155.822140259902,94.0307,-0.4146,-0.44,619.92,2026-03-25T00:45:17.651124+00:00,40.2,69.2,0.00441
2026-03-25T03:09:47.132124+00:00,PEPE/USDT,SHORT,SL,3.52e-06,3.5059164800124643e-06,86.2775,0.3452,0.4,613.55,2026-03-25T01:30:06.974995+00:00,32.5,53.1,0.008
2026-03-25T03:28:37.478545+00:00,DOGE/USDT,SHORT,SL,0.09496,0.0947459297002159,87.4689,0.1972,0.23,609.19,2026-03-25T01:07:49.825923+00:00,36.2,54.4,0.00451
2026-03-25T03:30:45.900760+00:00,NEAR/USDT,SHORT,SL,1.296,1.292937988657048,109.2672,0.2582,0.24,627.33,2026-03-25T01:42:08.941485+00:00,20.4,49.1,0.00473
2026-03-25T03:30:46.176075+00:00,BTC/USDT,SHORT,SL,70661.26,70625.92937,92.8771,0.0464,0.05,720.26,2026-03-25T02:00:06.459020+00:00,37.2,53.2,0.00362
2026-03-25T03:30:46.451484+00:00,ETH/USDT,SHORT,SL,2155.66,2154.58217,92.988,0.0465,0.05,813.29,2026-03-25T02:01:09.549467+00:00,38.4,49.6,0.00409
2026-03-25T03:37:37.474262+00:00,SUI/USDT,SHORT,SL,0.9464,0.9503309170626414,91.3781,-0.3795,-0.42,590.46,2026-03-25T03:28:40.455491+00:00,36.1,26.6,0.00415
2026-03-25T03:43:24.849063+00:00,DOGE/USDT,LONG,SL,0.09508,0.09512754,121.9939,0.061,0.05,623.95,2026-03-25T03:30:48.236204+00:00,27.2,51.2,0.00383
2026-03-25T03:46:34.636234+00:00,SOL/USDT,SHORT,SL,90.91,91.30583959355776,92.0332,-0.4007,-0.44,621.99,2026-03-25T03:09:48.275352+00:00,35.7,52.4,0.00435
2026-03-25T03:56:33.271954+00:00,SUI/USDT,SHORT,SL,0.9507,0.9546266754192431,88.5693,-0.3658,-0.41,616.89,2026-03-25T03:37:40.485144+00:00,24.9,37.6,0.00413
2026-03-25T03:59:41.610226+00:00,PEPE/USDT,LONG,SL,3.51e-06,3.5224734969215313e-06,88.1406,0.3132,0.36,612.81,2026-03-25T03:30:50.257304+00:00,22.1,50.5,0.00711
2026-03-25T04:20:08.393083+00:00,DOGE/USDT,LONG,SL,0.09512,0.09516755999999998,93.5921,0.0468,0.05,614.53,2026-03-25T03:43:26.910071+00:00,27.2,51.2,0.00383
2026-03-25T04:22:15.761450+00:00,SOL/USDT,LONG,SL,91.66,91.70582999999999,91.922,0.046,0.05,614.32,2026-03-25T03:59:42.733938+00:00,34.2,55.7,0.00404
2026-03-25T04:32:44.942095+00:00,BTC/USDT,LONG,SL,70779.3,70814.68965,93.2982,0.0466,0.05,615.52,2026-03-25T03:46:36.038831+00:00,36.5,60.8,0.00326
2026-03-25T04:43:18.691298+00:00,ADA/USDT,LONG,SL,0.2682,0.267047763005659,92.1478,-0.3959,-0.43,614.94,2026-03-25T04:22:17.582686+00:00,28.9,67.0,0.0043
2026-03-25T04:47:41.724099+00:00,ETH/USDT,LONG,SL,2159.5,2160.57975,92.534,0.0463,0.05,615.28,2026-03-25T03:56:34.122472+00:00,34.5,54.2,0.00354
2026-03-25T04:52:26.051951+00:00,WIF/USDT,LONG,SL,0.192,0.192096,92.3273,0.0462,0.05,615.36,2026-03-25T04:32:50.221003+00:00,12.7,56.7,0.00809
2026-03-25T04:57:10.639678+00:00,DOGE/USDT,SHORT,SL,0.09506,0.0953834077472225,92.241,-0.3138,-0.34,614.98,2026-03-25T04:45:04.137951+00:00,25.8,51.5,0.0034
2026-03-25T04:57:43.303829+00:00,LINK/USDT,SHORT,SL,9.23,9.267503113412465,92.2919,-0.375,-0.41,614.65,2026-03-25T04:47:44.106085+00:00,31.8,47.8,0.00406
2026-03-25T04:58:15.712084+00:00,NEAR/USDT,SHORT,SL,1.294,1.2933530000000002,103.6948,0.0518,0.05,626.2,2026-03-25T03:30:49.960226+00:00,12.8,43.7,0.00431
2026-03-25T05:04:43.741532+00:00,DOGE/USDT,SHORT,SL,0.09544,0.09576340774722249,92.2476,-0.3126,-0.34,624.21,2026-03-25T04:57:12.443268+00:00,25.8,51.5,0.00339
2026-03-25T05:05:47.811012+00:00,LINK/USDT,SHORT,SL,9.27,9.265365000000001,92.198,0.0461,0.05,622.82,2026-03-25T04:57:45.417562+00:00,31.8,47.8,0.00405
2026-03-25T05:06:20.480610+00:00,ADA/USDT,SHORT,SL,0.2672,0.26831931851418284,92.3041,-0.3867,-0.42,621.31,2026-03-25T04:52:28.189379+00:00,34.5,45.9,0.00419
2026-03-25T05:06:21.033884+00:00,DOGE/USDT,LONG,TP,0.09582,0.09634114260799478,93.631,0.5092,0.54,715.45,2026-03-25T05:04:45.566379+00:00,15.0,69.3,0.00363
2026-03-25T05:07:56.237815+00:00,XRP/USDT,LONG,TP,1.415,1.421380817098247,92.1795,0.4157,0.45,609.51,2026-03-25T04:20:09.515163+00:00,21.7,57.7,0.00301
2026-03-25T05:08:28.888647+00:00,NEAR/USDT,LONG,TP,1.295,1.3024116167655535,93.9303,0.5376,0.57,612.55,2026-03-25T05:00:33.119238+00:00,12.7,56.4,0.00382
2026-03-25T05:08:29.165682+00:00,LINK/USDT,LONG,TP,9.27,9.327376274644397,93.423,0.5782,0.62,706.55,2026-03-25T05:05:49.905999+00:00,17.7,64.2,0.00413
2026-03-25T05:09:34.670666+00:00,LINK/USDT,LONG,SL,9.33,9.291749150237068,105.983,-0.4345,-0.41,616.03,2026-03-25T05:08:31.531927+00:00,17.7,64.2,0.0041
2026-03-25T05:09:34.959300+00:00,NEAR/USDT,LONG,SL,1.303,1.2980589221562975,90.0856,-0.3416,-0.38,705.78,2026-03-25T05:08:32.149877+00:00,12.7,56.4,0.00379
2026-03-25T05:16:56.841026+00:00,LINK/USDT,LONG,SL,9.29,9.294645,105.8666,0.0529,0.05,615.84,2026-03-25T05:09:36.497838+00:00,17.7,64.2,0.00412
2026-03-25T05:17:27.715031+00:00,DOGE/USDT,LONG,SL,0.09649,0.096538245,107.3182,0.0537,0.05,630.84,2026-03-25T05:06:22.539148+00:00,15.0,69.3,0.0036
2026-03-25T05:18:31.369956+00:00,NEAR/USDT,LONG,SL,1.293,1.2880589221562975,89.9866,-0.3439,-0.38,625.86,2026-03-25T05:09:37.107244+00:00,12.7,56.4,0.00382
2026-03-25T05:22:10.880371+00:00,ADA/USDT,LONG,SL,0.2692,0.26806884333786535,91.2204,-0.3833,-0.42,622.81,2026-03-25T05:06:23.162831+00:00,21.1,58.4,0.0042
2026-03-25T05:41:02.376390+00:00,SOL/USDT,LONG,SL,92.43,92.476215,93.8784,0.0469,0.05,623.32,2026-03-25T05:18:32.226881+00:00,43.5,81.0,0.00459
2026-03-25T06:08:35.682975+00:00,XRP/USDT,LONG,SL,1.4213,1.4171885277589638,91.4267,-0.2645,-0.29,620.98,2026-03-25T05:07:58.597025+00:00,18.7,58.2,0.00289
2026-03-25T06:19:32.783922+00:00,DOGE/USDT,LONG,TP,0.09594,0.09658170983936469,93.4222,0.6249,0.67,621.88,2026-03-25T05:22:12.295763+00:00,34.9,84.1,0.00446
2026-03-25T06:23:45.629655+00:00,XRP/USDT,SHORT,SL,1.4173,1.4213640068213373,93.1473,-0.2671,-0.29,621.48,2026-03-25T06:15:22.143117+00:00,37.0,50.6,0.00287
2026-03-25T06:30:34.408874+00:00,AVAX/USDT,SHORT,SL,9.63,9.664430625114624,93.2823,-0.3335,-0.36,621.21,2026-03-25T06:19:34.272604+00:00,59.4,44.8,0.00358
2026-03-25T06:38:25.369352+00:00,LINK/USDT,LONG,SL,9.32,9.32466,93.4977,0.0467,0.05,621.57,2026-03-25T05:45:32.580127+00:00,44.2,76.6,0.00425
2026-03-25T06:58:51.278801+00:00,SOL/USDT,LONG,SL,92.83,92.43141029264727,93.181,-0.4001,-0.43,621.12,2026-03-25T06:30:34.991754+00:00,60.0,75.9,0.00429
2026-03-25T06:59:58.856911+00:00,DOGE/USDT,LONG,SL,0.09748,0.09701175076664696,93.2355,-0.4479,-0.48,713.9,2026-03-25T06:38:26.228884+00:00,56.1,81.5,0.0048
2026-03-25T07:00:35.080410+00:00,ETH/USDT,LONG,SL,2171.35,2163.7874088651483,94.6258,-0.3296,-0.35,808.2,2026-03-25T05:17:29.111622+00:00,41.2,76.7,0.00348
2026-03-25T07:03:24.486141+00:00,XRP/USDT,SHORT,SL,1.4217,1.4196679965893313,93.222,0.1332,0.14,677.28,2026-03-25T06:23:46.536524+00:00,37.0,50.6,0.00286
2026-03-25T07:11:49.834224+00:00,ETH/USDT,SHORT,SL,2163.31,2170.217696212614,121.2299,-0.3871,-0.32,696.53,2026-03-25T07:00:36.159429+00:00,50.2,44.5,0.00319
2026-03-25T07:12:23.848160+00:00,AVAX/USDT,SHORT,SL,9.63,9.666306069995768,103.0454,-0.3885,-0.38,694.71,2026-03-25T07:00:37.597790+00:00,41.2,52.1,0.00377
2026-03-25T07:23:04.760127+00:00,AVAX/USDT,SHORT,SL,9.67,9.665165,104.2061,0.0521,0.05,606.18,2026-03-25T07:12:25.346140+00:00,41.2,52.1,0.00375
2026-03-25T07:36:41.602489+00:00,XRP/USDT,SHORT,SL,1.4203,1.424389617200892,101.5919,-0.2925,-0.29,616.56,2026-03-25T07:03:25.659352+00:00,37.8,49.8,0.00288
2026-03-25T07:45:36.355247+00:00,AVAX/USDT,LONG,SL,9.67,9.688351690598443,90.9277,0.1726,0.19,615.17,2026-03-25T07:23:05.969376+00:00,55.9,63.9,0.0038
2026-03-25T07:46:07.776942+00:00,ADA/USDT,LONG,SL,0.2712,0.27002987688834046,88.5752,-0.3822,-0.43,611.09,2026-03-25T07:15:14.015876+00:00,44.9,73.9,0.00431
2026-03-25T07:47:42.036282+00:00,BTC/USDT,LONG,SL,71170.99,70945.31097411945,92.3765,-0.2929,-0.32,611.51,2026-03-25T05:16:57.423691+00:00,46.3,78.5,0.00317
2026-03-25T07:51:53.548373+00:00,ETH/USDT,SHORT,SL,2170.71,2167.2561518936927,104.4795,0.1662,0.16,624.43,2026-03-25T07:11:50.703160+00:00,50.2,44.5,0.00318
2026-03-25T08:09:42.118069+00:00,AVAX/USDT,LONG,SL,9.67,9.633281513231536,91.6635,-0.3481,-0.38,622.08,2026-03-25T07:46:08.951242+00:00,53.6,68.0,0.0038
2026-03-25T08:13:53.321679+00:00,XRP/USDT,LONG,SL,1.4232,1.4188250568853906,92.2759,-0.2837,-0.31,620.76,2026-03-25T07:45:36.934157+00:00,15.7,62.6,0.00307
2026-03-25T08:15:59.246688+00:00,BTC/USDT,SHORT,SL,70930.67,70895.204665,91.7265,0.0459,0.05,619.42,2026-03-25T07:47:43.458345+00:00,30.5,50.7,0.00276
2026-03-25T08:19:39.065006+00:00,SOL/USDT,SHORT,SL,92.31,92.1282877910067,92.4834,0.1821,0.2,619.17,2026-03-25T07:36:42.753152+00:00,39.1,48.2,0.00394
2026-03-25T08:28:35.034644+00:00,ETH/USDT,LONG,TP,2167.62,2178.247422073745,93.6644,0.4592,0.49,620.42,2026-03-25T07:51:54.970439+00:00,29.3,55.1,0.00327
2026-03-25T08:28:35.864619+00:00,BTC/USDT,SHORT,SL,70950.1,71148.21031017172,92.9128,-0.2594,-0.28,713.07,2026-03-25T08:16:00.396386+00:00,64.5,35.0,0.00279
2026-03-25T08:33:21.476757+00:00,XRP/USDT,SHORT,SL,1.4188,1.423268561633854,93.1141,-0.2933,-0.31,608.02,2026-03-25T08:13:54.457864+00:00,22.6,51.1,0.00315
2026-03-25T08:33:22.028147+00:00,BTC/USDT,SHORT,SL,71231.25,71429.36031017172,106.9609,-0.2975,-0.28,714.68,2026-03-25T08:28:36.455039+00:00,64.5,35.0,0.00278
2026-03-25T08:37:01.833062+00:00,ADA/USDT,LONG,SL,0.2711,0.27172478143081646,92.8757,0.214,0.23,609.45,2026-03-25T08:19:41.392911+00:00,65.0,63.7,0.00461
2026-03-25T08:37:02.657595+00:00,ETH/USDT,LONG,SL,2189.45,2181.2002135408475,91.1216,-0.3433,-0.38,700.22,2026-03-25T08:33:22.915750+00:00,29.1,66.6,0.00377
2026-03-25T08:52:45.243768+00:00,SOL/USDT,LONG,SL,92.4,92.4462,89.2786,0.0446,0.05,595.24,2026-03-25T08:37:03.260822+00:00,43.4,51.3,0.00405
2026-03-25T08:56:56.571475+00:00,BTC/USDT,LONG,SL,71465.88,71249.60946776107,107.2019,-0.3244,-0.3,612.83,2026-03-25T08:33:22.610655+00:00,37.0,59.7,0.00303
2026-03-25T09:01:39.177180+00:00,PEPE/USDT,LONG,SL,3.59e-06,3.562755884682818e-06,90.9168,-0.69,-0.76,611.13,2026-03-25T08:28:38.606985+00:00,62.7,56.3,0.00759
2026-03-25T09:23:09.443854+00:00,NEAR/USDT,LONG,SL,1.295,1.287531779513673,91.6695,-0.5287,-0.58,610.6,2026-03-25T09:01:41.937601+00:00,16.2,75.8,0.00577
2026-03-25T09:24:14.500740+00:00,BTC/USDT,LONG,SL,71242.01,71277.63100499999,91.9241,0.046,0.05,610.98,2026-03-25T08:56:57.431949+00:00,26.3,69.8,0.00309
2026-03-25T09:35:09.653518+00:00,XRP/USDT,LONG,SL,1.4216,1.4168060991193872,89.2853,-0.3011,-0.34,608.32,2026-03-25T08:52:45.868555+00:00,33.0,60.6,0.00337
2026-03-25T09:42:32.960113+00:00,WIF/USDT,SHORT,SL,0.196,0.1979138639244105,91.5902,-0.8943,-0.98,607.77,2026-03-25T09:23:11.964673+00:00,45.1,50.1,0.00976
2026-03-25T09:51:10.099534+00:00,NEAR/USDT,SHORT,SL,1.282,1.2897947522055664,91.2477,-0.5548,-0.61,607.29,2026-03-25T09:35:13.857259+00:00,21.9,47.5,0.00608
2026-03-25T10:01:07.817847+00:00,DOGE/USDT,SHORT,SL,0.09713,0.09688255005671825,93.3121,0.2377,0.25,609.75,2026-03-25T08:09:42.990881+00:00,54.0,54.6,0.0051
2026-03-25T10:04:51.388764+00:00,WIF/USDT,LONG,SL,0.198,0.1961394139431735,91.4625,-0.8595,-0.94,608.89,2026-03-25T10:01:11.495662+00:00,44.6,56.5,0.0094
2026-03-25T10:17:59.388233+00:00,WIF/USDT,LONG,SL,0.196,0.19693029302841325,91.3336,0.4335,0.47,609.32,2026-03-25T10:04:53.921959+00:00,44.6,56.5,0.00949
2026-03-25T10:20:05.876286+00:00,AVAX/USDT,SHORT,SL,9.68,9.718734691167201,91.165,-0.3648,-0.4,608.73,2026-03-25T09:45:24.475561+00:00,43.5,49.6,0.004
2026-03-25T10:30:35.191490+00:00,NEAR/USDT,LONG,TP,1.29,1.3016075482537157,91.0941,0.8197,0.9,609.33,2026-03-25T09:51:12.237801+00:00,19.3,53.8,0.006
2026-03-25T10:42:24.410375+00:00,ETH/USDT,LONG,SL,2181.04,2182.1305199999997,105.0336,0.0525,0.05,714.42,2026-03-25T08:37:02.960104+00:00,29.1,66.6,0.00378
2026-03-25T10:55:56.122131+00:00,SUI/USDT,SHORT,SL,0.9612,0.9651235271541337,91.6472,-0.3741,-0.41,698.53,2026-03-25T09:30:27.583799+00:00,46.8,50.9,0.00408
2026-03-25T11:06:03.368690+00:00,WIF/USDT,LONG,SL,0.197,0.1951893437395229,107.1625,-0.9849,-0.92,699.93,2026-03-25T10:45:18.062215+00:00,47.2,50.7,0.00919
2026-03-25T11:13:22.317142+00:00,XRP/USDT,LONG,TP,1.4205,1.4276053921052858,91.3986,0.4572,0.5,791.78,2026-03-25T10:18:00.300838+00:00,23.6,54.4,0.00333
2026-03-25T11:17:52.796639+00:00,XRP/USDT,LONG,SL,1.4311,1.4334069509104639,118.7672,0.1915,0.16,691.02,2026-03-25T11:15:05.401978+00:00,40.5,79.9,0.00322
2026-03-25T11:21:48.359888+00:00,SUI/USDT,LONG,TP,0.9645,0.9699939557560061,104.7791,0.5968,0.57,692.74,2026-03-25T11:00:28.903548+00:00,41.0,58.4,0.0038
2026-03-25T11:26:52.119381+00:00,ADA/USDT,SHORT,SL,0.2717,0.27282757061520824,100.9521,-0.419,-0.42,793.28,2026-03-25T11:15:06.345516+00:00,46.6,46.4,0.00415
2026-03-25T11:29:41.441165+00:00,XRP/USDT,LONG,SL,1.4326,1.4333163,103.6531,0.0518,0.05,777.99,2026-03-25T11:17:54.343705+00:00,40.5,79.9,0.00322
2026-03-25T11:31:18.345969+00:00,ADA/USDT,SHORT,SL,0.273,0.27412757061520826,118.9915,-0.4915,-0.41,596.28,2026-03-25T11:26:54.798360+00:00,46.6,46.4,0.00413
2026-03-25T11:36:33.336285+00:00,ETH/USDT,LONG,SL,2193.35,2194.4466749999997,84.3147,0.0422,0.05,591.2,2026-03-25T11:30:16.370030+00:00,37.2,74.9,0.00323
2026-03-25T11:37:04.503266+00:00,XRP/USDT,LONG,SL,1.4335,1.4342167499999998,116.6985,0.0583,0.05,619.27,2026-03-25T11:29:42.989715+00:00,40.5,79.9,0.00322
2026-03-25T11:37:05.055284+00:00,SOL/USDT,LONG,SL,93.09,93.136545,89.4425,0.0447,0.05,708.76,2026-03-25T11:31:19.490511+00:00,34.3,74.4,0.0038
2026-03-25T11:40:45.231342+00:00,ETH/USDT,LONG,SL,2194.11,2195.207055,88.6796,0.0443,0.05,600.8,2026-03-25T11:36:33.933619+00:00,37.2,74.9,0.00323
2026-03-25T11:42:19.179901+00:00,DOGE/USDT,LONG,SL,0.09694,0.09715486154238312,91.3088,0.2024,0.22,602.2,2026-03-25T10:20:07.363736+00:00,37.2,57.5,0.00443
2026-03-25T11:48:05.056670+00:00,BTC/USDT,LONG,SL,71887.45,71683.14558936557,99.1938,-0.2819,-0.28,610.78,2026-03-25T11:30:16.048612+00:00,33.1,82.3,0.00284
2026-03-25T11:48:05.625131+00:00,XRP/USDT,LONG,SL,1.4338,1.4289192211230102,90.3672,-0.3076,-0.34,700.84,2026-03-25T11:37:05.932031+00:00,27.5,82.7,0.0034
2026-03-25T11:49:13.292918+00:00,ETH/USDT,LONG,SL,2193.62,2186.5300856123536,90.1207,-0.2913,-0.32,685.54,2026-03-25T11:40:46.093323+00:00,37.2,74.9,0.00323
2026-03-25T11:49:46.985551+00:00,SOL/USDT,LONG,SL,93.1,92.74624683696108,106.3143,-0.404,-0.38,791.45,2026-03-25T11:37:05.630152+00:00,34.3,74.4,0.0038
2026-03-25T12:12:19.230563+00:00,WIF/USDT,LONG,SL,0.198,0.198099,100.9101,0.0505,0.05,672.78,2026-03-25T12:00:33.667559+00:00,43.1,61.2,0.00858
2026-03-25T12:13:26.859223+00:00,WIF/USDT,LONG,SL,0.198,0.198099,100.9176,0.0505,0.05,672.83,2026-03-25T12:12:22.049107+00:00,43.1,61.2,0.00858
2026-03-25T12:14:34.548850+00:00,WIF/USDT,LONG,SL,0.198,0.198099,100.9252,0.0505,0.05,672.89,2026-03-25T12:13:29.713892+00:00,43.1,61.2,0.00858
2026-03-25T12:15:40.327761+00:00,DOGE/USDT,LONG,SL,0.0971,0.09714855,90.3293,0.0452,0.05,576.53,2026-03-25T11:42:20.614290+00:00,29.0,63.0,0.00392
2026-03-25T12:15:40.878651+00:00,NEAR/USDT,LONG,SL,1.306,1.306653,118.7177,0.0594,0.05,695.31,2026-03-25T12:00:33.367077+00:00,24.2,77.7,0.00525
2026-03-25T12:17:17.193189+00:00,AVAX/USDT,LONG,SL,9.77,9.730664533851822,85.7929,-0.3454,-0.4,587.81,2026-03-25T12:15:10.042287+00:00,28.9,76.1,0.00403
2026-03-25T12:17:49.911109+00:00,WIF/USDT,LONG,SL,0.198,0.19630113143391179,100.9328,-0.866,-0.86,599.7,2026-03-25T12:14:37.371808+00:00,43.1,61.2,0.00858
2026-03-25T12:18:57.455236+00:00,DOGE/USDT,LONG,SL,0.09717,0.09678318493474435,104.2966,-0.4152,-0.4,703.59,2026-03-25T12:15:42.959216+00:00,25.4,58.4,0.00398
2026-03-25T12:18:57.728157+00:00,ADA/USDT,LONG,SL,0.2745,0.27320586668420455,88.6522,-0.418,-0.47,791.82,2026-03-25T12:15:43.557659+00:00,35.8,75.3,0.00471
2026-03-25T12:23:26.906896+00:00,PEPE/USDT,LONG,SL,3.56e-06,3.534513063889077e-06,105.1256,-0.7526,-0.72,676.46,2026-03-25T11:48:08.721098+00:00,25.8,64.6,0.00716
2026-03-25T12:23:27.182647+00:00,AVAX/USDT,LONG,SL,9.74,9.700664533851823,88.1714,-0.3561,-0.4,764.28,2026-03-25T12:17:19.315946+00:00,28.9,76.1,0.00404
2026-03-25T12:27:24.101480+00:00,AVAX/USDT,LONG,SL,9.7,9.704849999999999,114.6418,0.0573,0.05,666.89,2026-03-25T12:23:29.274179+00:00,28.9,76.1,0.00406
2026-03-25T12:30:43.942913+00:00,PEPE/USDT,LONG,SL,3.53e-06,3.531765e-06,97.4455,0.0487,0.05,579.32,2026-03-25T12:23:30.515489+00:00,19.5,59.5,0.00721
2026-03-25T12:52:45.911530+00:00,ADA/USDT,LONG,SL,0.273,0.2731365,100.9571,0.0505,0.05,593.43,2026-03-25T12:19:00.153765+00:00,35.8,75.3,0.00474
2026-03-25T12:55:55.304829+00:00,DOGE/USDT,LONG,TP,0.09679,0.09737022259788349,118.7731,0.712,0.6,623.9,2026-03-25T12:18:59.549750+00:00,25.4,58.4,0.004
2026-03-25T12:55:55.858774+00:00,BTC/USDT,SHORT,SL,71300.63,71542.07851242767,85.0285,-0.2879,-0.34,708.64,2026-03-25T12:30:13.097208+00:00,46.1,40.2,0.00339
2026-03-25T12:55:56.135951+00:00,ETH/USDT,SHORT,SL,2168.68,2177.379022285659,86.8984,-0.3486,-0.4,795.19,2026-03-25T12:30:44.806332+00:00,42.8,33.4,0.00401
2026-03-25T12:57:37.977270+00:00,WIF/USDT,LONG,SL,0.2,0.2001,101.3871,0.0507,0.05,675.96,2026-03-25T12:55:59.565946+00:00,38.7,58.3,0.00843
2026-03-25T12:58:45.538181+00:00,WIF/USDT,LONG,SL,0.2,0.2001,101.3947,0.0507,0.05,676.02,2026-03-25T12:57:40.796802+00:00,38.7,58.3,0.00843
2026-03-25T13:05:09.400461+00:00,WIF/USDT,LONG,SL,0.2,0.2001,101.4023,0.0507,0.05,589.87,2026-03-25T12:58:48.357605+00:00,38.7,58.3,0.00843
2026-03-25T13:05:09.676694+00:00,BTC/USDT,LONG,SL,71694.19,71730.03709499999,86.1919,0.0431,0.05,676.11,2026-03-25T13:00:27.053665+00:00,18.0,59.7,0.00381
2026-03-25T13:08:49.603801+00:00,DOGE/USDT,LONG,SL,0.09754,0.09758876999999999,119.2789,0.0596,0.05,607.83,2026-03-25T12:55:57.986425+00:00,28.2,52.2,0.00439
2026-03-25T13:10:55.227114+00:00,ADA/USDT,LONG,TP,0.2731,0.27531320357315847,89.0148,0.7214,0.81,606.39,2026-03-25T12:52:47.985271+00:00,40.8,60.2,0.0054
2026-03-25T13:22:59.337404+00:00,DOGE/USDT,LONG,SL,0.09765,0.09769882499999999,90.9584,0.0455,0.05,606.43,2026-03-25T13:10:56.690949+00:00,20.7,69.2,0.00474
2026-03-25T13:31:23.055593+00:00,AVAX/USDT,LONG,TP,9.7,9.759003199222265,100.0336,0.6085,0.61,616.11,2026-03-25T12:27:25.921479+00:00,28.9,76.1,0.00406
2026-03-25T13:34:12.031995+00:00,BTC/USDT,LONG,SL,71720.01,71755.87000499999,101.4163,0.0507,0.05,717.58,2026-03-25T13:05:09.976668+00:00,18.0,59.7,0.00381
2026-03-25T13:43:12.405358+00:00,XRP/USDT,LONG,SL,1.4235,1.42421175,90.9652,0.0455,0.05,808.59,2026-03-25T13:22:59.667244+00:00,19.4,54.4,0.0042
2026-03-25T13:44:19.561468+00:00,ETH/USDT,LONG,SL,2184.33,2189.35459121745,86.2039,0.1983,0.23,773.7,2026-03-25T13:05:10.280346+00:00,22.0,51.8,0.0046
2026-03-25T13:44:19.835991+00:00,SOL/USDT,LONG,SL,93.02,93.06651,91.1741,0.0456,0.05,864.92,2026-03-25T13:08:50.467502+00:00,16.6,59.9,0.00471
2026-03-25T13:56:14.353726+00:00,ADA/USDT,SHORT,SL,0.2735,0.27336325000000006,110.2777,0.0551,0.05,641.5,2026-03-25T13:45:29.871083+00:00,32.4,46.4,0.0064
2026-03-25T14:00:46.329948+00:00,SUI/USDT,LONG,SL,0.9727,0.967857113719013,93.736,-0.4667,-0.5,556.76,2026-03-25T13:45:30.187608+00:00,21.7,64.8,0.00498
2026-03-25T14:01:48.879162+00:00,XRP/USDT,SHORT,SL,1.4241,1.4212099011234334,121.2884,0.2461,0.2,594.78,2026-03-25T13:43:13.028959+00:00,32.1,48.1,0.00406
2026-03-25T14:01:49.703139+00:00,BTC/USDT,SHORT,SL,71601.77,71565.96911500001,81.7917,0.0409,0.05,676.61,2026-03-25T14:00:15.466944+00:00,13.0,49.7,0.00378
2026-03-25T14:06:33.950160+00:00,AVAX/USDT,SHORT,SL,9.73,9.725135000000002,86.2677,0.0431,0.05,575.16,2026-03-25T14:01:51.242490+00:00,14.8,51.7,0.0045
2026-03-25T14:17:03.875063+00:00,ETH/USDT,SHORT,SL,2187.38,2182.567429571789,129.7384,0.2854,0.22,618.91,2026-03-25T13:44:20.782688+00:00,29.4,50.1,0.0044
2026-03-25T14:21:47.674389+00:00,AVAX/USDT,SHORT,SL,9.73,9.725135000000002,86.2742,0.0431,0.05,612.39,2026-03-25T14:06:34.897994+00:00,14.8,51.7,0.0045
2026-03-25T14:22:18.560125+00:00,ADA/USDT,SHORT,SL,0.2733,0.27316335,96.2255,0.0481,0.05,616.81,2026-03-25T13:56:16.534446+00:00,32.4,46.4,0.0064
2026-03-25T14:22:18.835700+00:00,SOL/USDT,SHORT,SL,92.5,92.45375,83.5133,0.0418,0.05,700.36,2026-03-25T14:00:47.207366+00:00,21.0,45.2,0.00467
2026-03-25T14:25:29.094630+00:00,ETH/USDT,SHORT,SL,2183.03,2181.938485,92.8366,0.0464,0.05,598.89,2026-03-25T14:17:05.299195+00:00,24.4,43.4,0.0047
2026-03-25T14:25:29.931542+00:00,SUI/USDT,SHORT,SL,0.9696,0.9691152000000001,89.2961,0.0446,0.05,688.23,2026-03-25T14:22:21.553093+00:00,29.1,51.7,0.00501
2026-03-25T14:44:23.012476+00:00,XRP/USDT,SHORT,SL,1.4203,1.41958985,91.8587,0.0459,0.05,589.15,2026-03-25T14:21:48.268559+00:00,14.4,37.4,0.00419
2026-03-25T14:59:38.445368+00:00,NEAR/USDT,LONG,SL,1.3,1.30065,88.3732,0.0442,0.05,589.2,2026-03-25T14:44:25.723053+00:00,19.9,53.8,0.00578
2026-03-25T15:00:09.374245+00:00,BTC/USDT,SHORT,TP,71655.23,71249.43928267645,101.4914,0.5748,0.57,602.88,2026-03-25T14:01:50.301173+00:00,13.0,49.7,0.00378
2026-03-25T15:07:31.645066+00:00,SOL/USDT,SHORT,TP,92.47,91.793253164269,105.0542,0.7688,0.73,618.28,2026-03-25T14:22:19.973357+00:00,29.9,33.6,0.00488
2026-03-25T15:07:32.198428+00:00,SUI/USDT,SHORT,TP,0.9694,0.9621181497118023,87.75,0.6592,0.75,706.68,2026-03-25T14:25:31.841545+00:00,29.1,51.7,0.00501
2026-03-25T15:09:13.715343+00:00,ETH/USDT,SHORT,TP,2182.14,2166.7486261869412,103.2352,0.7282,0.71,810.65,2026-03-25T14:25:30.249217+00:00,24.4,43.4,0.0047
2026-03-25T15:12:37.584737+00:00,DOGE/USDT,SHORT,TP,0.09693,0.09623917312236735,88.3798,0.6299,0.71,778.06,2026-03-25T14:59:39.078012+00:00,19.9,47.8,0.00475
2026-03-25T15:14:21.545733+00:00,BTC/USDT,SHORT,TP,71238.54,70828.27744631951,90.4327,0.5208,0.58,869.01,2026-03-25T15:00:10.776051+00:00,11.1,32.1,0.00384
2026-03-25T15:18:38.036796+00:00,ETH/USDT,SHORT,TP,2165.42,2150.6182272073324,121.5972,0.8312,0.68,576.06,2026-03-25T15:09:14.572093+00:00,14.6,36.5,0.00456
2026-03-25T15:20:12.534575+00:00,BTC/USDT,SHORT,SL,70789.48,70754.08525999999,130.3521,0.0652,0.05,620.07,2026-03-25T15:14:22.122148+00:00,11.1,32.1,0.00386
2026-03-25T15:20:12.810594+00:00,XRP/USDT,SHORT,SL,1.4086,1.4056679902647256,110.7993,0.2306,0.21,731.1,2026-03-25T15:15:30.190297+00:00,22.2,19.1,0.00416
2026-03-25T15:20:13.086002+00:00,DOGE/USDT,SHORT,SL,0.09594,0.09589203,94.1794,0.0471,0.05,825.32,2026-03-25T15:15:30.505477+00:00,31.0,20.7,0.00525
2026-03-25T15:20:13.375028+00:00,AVAX/USDT,SHORT,SL,9.65,9.62783907516797,80.0525,0.1838,0.23,905.56,2026-03-25T15:15:30.817126+00:00,21.0,25.8,0.00459
2026-03-25T15:23:24.426973+00:00,ETH/USDT,SHORT,SL,2149.56,2160.071878568815,86.4089,-0.4226,-0.49,558.69,2026-03-25T15:18:39.447891+00:00,16.1,23.8,0.00489
2026-03-25T15:32:20.382389+00:00,BTC/USDT,SHORT,SL,70770.98,71064.34822538197,135.834,-0.5631,-0.41,610.16,2026-03-25T15:20:13.968796+00:00,17.7,19.8,0.00415
2026-03-25T15:49:11.355965+00:00,DOGE/USDT,SHORT,SL,0.09599,0.09594200500000001,98.1401,0.0491,0.05,616.83,2026-03-25T15:20:15.376167+00:00,31.0,20.7,0.00525
2026-03-25T15:56:33.649609+00:00,AVAX/USDT,SHORT,SL,9.63,9.674321849664063,83.4191,-0.3839,-0.46,607.34,2026-03-25T15:20:15.687863+00:00,21.0,25.8,0.0046
2026-03-25T16:05:35.388974+00:00,NEAR/USDT,SHORT,TP,1.291,1.2789201052133352,91.5242,0.8564,0.94,699.72,2026-03-25T15:32:23.399119+00:00,29.7,30.1,0.00624
2026-03-25T16:25:23.657723+00:00,XRP/USDT,SHORT,SL,1.4066,1.4124640194705493,115.4589,-0.4813,-0.42,814.7,2026-03-25T15:20:14.574523+00:00,22.2,19.1,0.00417
2026-03-25T16:25:24.206599+00:00,LINK/USDT,SHORT,SL,9.36,9.41393928398624,92.5239,-0.5332,-0.58,906.69,2026-03-25T15:49:13.455167+00:00,41.0,35.9,0.00576
2026-03-25T16:25:57.944755+00:00,ETH/USDT,SHORT,SL,2161.9,2172.411878568815,83.8041,-0.4075,-0.49,990.08,2026-03-25T15:23:25.858121+00:00,16.1,23.8,0.00486
2026-03-25T16:43:04.785935+00:00,BTC/USDT,LONG,SL,71447.82,71483.54391000001,148.5124,0.0743,0.05,587.89,2026-03-25T16:30:29.840801+00:00,17.0,62.6,0.00475
2026-03-25T16:46:16.284460+00:00,SOL/USDT,LONG,SL,92.36,92.40617999999999,107.3002,0.0537,0.05,607.06,2026-03-25T16:30:30.441349+00:00,18.4,60.1,0.00548
2026-03-25T16:47:51.611954+00:00,ETH/USDT,LONG,SL,2172.95,2174.036475,126.2356,0.0631,0.05,642.3,2026-03-25T16:30:30.142142+00:00,20.8,55.8,0.00545
2026-03-25T17:12:21.374816+00:00,BTC/USDT,LONG,SL,71457.95,71118.26901392861,88.1838,-0.4192,-0.48,633.72,2026-03-25T16:43:07.663142+00:00,17.0,62.6,0.00475
2026-03-25T17:19:12.694688+00:00,LINK/USDT,LONG,SL,9.45,9.394191387859346,91.0593,-0.5378,-0.59,629.18,2026-03-25T16:46:18.531561+00:00,34.6,65.1,0.00591
2026-03-25T17:33:56.212754+00:00,NEAR/USDT,SHORT,TP,1.288,1.2753137790388056,95.0581,0.9363,0.98,630.8,2026-03-25T17:12:23.832714+00:00,35.5,47.4,0.00657
2026-03-25T17:54:56.618560+00:00,DOGE/USDT,LONG,SL,0.09673,0.09619730902060482,77.5244,-0.4269,-0.55,613.28,2026-03-25T16:30:31.038475+00:00,21.0,56.1,0.00551
2026-03-25T18:06:01.088789+00:00,WIF/USDT,SHORT,SL,0.196,0.19502604144448227,94.6201,0.4702,0.5,616.38,2026-03-25T17:33:59.073206+00:00,19.1,46.5,0.00994
2026-03-25T18:06:34.779682+00:00,BTC/USDT,SHORT,SL,70958.61,70923.130695,94.3776,0.0472,0.05,710.8,2026-03-25T17:19:13.574227+00:00,14.5,45.6,0.00455
2026-03-25T18:23:33.446865+00:00,ADA/USDT,SHORT,SL,0.2713,0.27116435,96.3452,0.0482,0.05,700.57,2026-03-25T17:00:17.306094+00:00,30.0,48.1,0.00607
2026-03-25T18:28:06.583689+00:00,SUI/USDT,LONG,SL,0.9637,0.9641818499999999,106.6202,0.0533,0.05,807.25,2026-03-25T18:15:07.912860+00:00,23.2,57.6,0.00502
2026-03-25T18:56:03.309612+00:00,ETH/USDT,LONG,SL,2169.93,2160.0495020087237,102.9241,-0.4687,-0.46,598.21,2026-03-25T18:30:22.492073+00:00,14.9,49.6,0.00455
2026-03-25T18:56:03.602706+00:00,SOL/USDT,LONG,SL,92.06,91.62577833717424,87.4855,-0.4126,-0.47,685.28,2026-03-25T18:30:22.800533+00:00,15.4,49.6,0.00472
2026-03-25T19:00:15.478342+00:00,LINK/USDT,SHORT,SL,9.33,9.325335,91.9917,0.046,0.05,587.15,2026-03-25T17:54:59.006767+00:00,16.8,50.4,0.00568
2026-03-25T19:16:09.099357+00:00,ETH/USDT,SHORT,SL,2159.65,2169.3864794034102,102.7919,-0.4634,-0.45,689.48,2026-03-25T18:56:04.240948+00:00,15.0,39.3,0.00451
2026-03-25T19:46:34.280490+00:00,ETH/USDT,LONG,SL,2170.0,2171.085,103.4221,0.0517,0.05,601.62,2026-03-25T19:16:09.989069+00:00,16.2,52.4,0.00452
2026-03-25T19:56:33.071711+00:00,XRP/USDT,LONG,SL,1.4168,1.4101152585377503,91.2052,-0.4303,-0.47,602.16,2026-03-25T16:30:30.732109+00:00,16.6,59.0,0.00472
2026-03-25T19:58:09.865605+00:00,SUI/USDT,LONG,SL,0.9642,0.9646820999999999,121.0872,0.0605,0.05,632.98,2026-03-25T18:28:08.849359+00:00,23.2,57.6,0.00502
2026-03-25T20:11:11.591710+00:00,BTC/USDT,LONG,SL,70964.19,70686.79125508055,87.9088,-0.3436,-0.39,720.54,2026-03-25T19:30:19.700271+00:00,18.8,49.1,0.00391
2026-03-25T20:32:27.480729+00:00,ADA/USDT,SHORT,TP,0.2706,0.2686465427561286,90.2436,0.6515,0.72,611.49,2026-03-25T19:46:36.109798+00:00,29.1,44.3,0.00481
2026-03-25T20:43:29.682806+00:00,ETH/USDT,SHORT,SL,2166.42,2165.3367900000003,108.0817,0.054,0.05,627.9,2026-03-25T20:15:08.736937+00:00,20.4,42.8,0.00417
2026-03-25T20:43:29.956432+00:00,DOGE/USDT,SHORT,SL,0.0962,0.09600467374434599,91.8695,0.1865,0.2,719.96,2026-03-25T20:15:09.065248+00:00,15.4,37.8,0.00406
2026-03-25T20:52:25.134104+00:00,SOL/USDT,SHORT,SL,91.55,91.504225,87.3732,0.0437,0.05,607.59,2026-03-25T18:56:04.561242+00:00,22.1,40.5,0.0047
2026-03-25T20:52:56.839344+00:00,XRP/USDT,SHORT,SL,1.4098,1.414852656040289,90.3233,-0.3237,-0.36,606.45,2026-03-25T19:56:35.306596+00:00,14.4,41.1,0.00358
2026-03-25T20:52:57.112504+00:00,ADA/USDT,SHORT,SL,0.2685,0.2697588638731367,91.7233,-0.43,-0.47,697.74,2026-03-25T20:32:29.551560+00:00,20.8,26.5,0.00469
2026-03-25T21:21:19.567343+00:00,BTC/USDT,LONG,SL,71030.75,71066.265375,91.1379,0.0456,0.05,595.3,2026-03-25T20:52:26.547950+00:00,17.1,52.8,0.00362
2026-03-25T22:03:13.856916+00:00,SUI/USDT,SHORT,SL,0.9639,0.9683298999163019,91.7945,-0.4219,-0.46,597.38,2026-03-25T20:43:32.120033+00:00,14.7,35.8,0.0046
2026-03-25T22:37:18.310949+00:00,DOGE/USDT,SHORT,SL,0.0961,0.09649655525521054,107.9936,-0.4456,-0.41,615.32,2026-03-25T20:43:31.185836+00:00,17.5,27.8,0.00413
2026-03-25T22:39:26.133819+00:00,ETH/USDT,LONG,SL,2169.41,2173.396244979839,88.9619,0.1635,0.18,612.15,2026-03-25T21:15:02.121496+00:00,9.4,53.7,0.00367
2026-03-25T22:40:00.336361+00:00,LINK/USDT,LONG,SL,9.34,9.362388726011222,89.6068,0.2148,0.24,610.15,2026-03-25T22:03:15.598607+00:00,21.9,49.9,0.00479
2026-03-25T22:42:09.456018+00:00,WIF/USDT,SHORT,SL,0.192,0.19190400000000002,91.8221,0.0459,0.05,610.49,2026-03-25T22:39:29.483614+00:00,23.6,36.5,0.00883
2026-03-25T23:03:39.853542+00:00,WIF/USDT,SHORT,TP,0.193,0.19045806268293247,91.5739,1.2061,1.32,611.7,2026-03-25T22:42:12.260916+00:00,23.6,36.5,0.00878
2026-03-25T23:13:06.567188+00:00,XRP/USDT,LONG,SL,1.415,1.417350075047655,104.6611,0.1738,0.17,624.78,2026-03-25T20:52:58.864385+00:00,16.8,50.6,0.00332
2026-03-25T23:15:21.444531+00:00,SOL/USDT,LONG,SL,91.45,91.6452137834023,89.2952,0.1906,0.21,714.26,2026-03-25T21:21:20.759618+00:00,18.8,48.5,0.00427
2026-03-25T23:37:53.746092+00:00,WIF/USDT,SHORT,SL,0.19,0.18990500000000002,91.7548,0.0459,0.05,607.86,2026-03-25T23:03:42.383945+00:00,33.5,40.0,0.00878
2026-03-25T23:41:36.050974+00:00,LINK/USDT,LONG,SL,9.36,9.364679999999998,91.522,0.0458,0.05,608.25,2026-03-25T22:40:04.118512+00:00,21.9,50.6,0.00435
2026-03-25T23:52:51.463547+00:00,DOGE/USDT,SHORT,SL,0.09614,0.09609193,91.0687,0.0455,0.05,608.12,2026-03-25T23:15:23.835574+00:00,13.2,46.5,0.00379
2026-03-26T00:06:28.594664+00:00,NEAR/USDT,LONG,SL,1.281,1.2745825924760845,92.298,-0.4624,-0.5,608.74,2026-03-25T22:37:21.338096+00:00,22.7,53.3,0.00501
2026-03-26T00:10:09.616987+00:00,AVAX/USDT,LONG,SL,9.67,9.674835,91.1785,0.0456,0.05,608.65,2026-03-25T23:37:55.563948+00:00,14.2,61.2,0.00393
2026-03-26T00:15:24.897979+00:00,SOL/USDT,SHORT,SL,91.72,91.67414000000001,91.2185,0.0456,0.05,608.62,2026-03-25T23:52:52.656109+00:00,30.6,49.4,0.00385
2026-03-26T00:20:40.203256+00:00,AVAX/USDT,LONG,SL,9.67,9.674835,91.298,0.0456,0.05,608.67,2026-03-26T00:10:11.387126+00:00,16.5,54.8,0.00383
2026-03-26T00:25:54.347301+00:00,ETH/USDT,LONG,SL,2172.2,2164.7279236921995,107.1397,-0.3685,-0.34,624.14,2026-03-25T23:15:22.900451+00:00,15.0,64.0,0.00344
2026-03-26T00:53:41.930113+00:00,DOGE/USDT,LONG,SL,0.09616,0.09581975148500686,91.3111,-0.3231,-0.35,621.51,2026-03-26T00:06:30.634254+00:00,9.7,49.7,0.00354
2026-03-26T00:54:47.556755+00:00,AVAX/USDT,SHORT,SL,9.67,9.665165,91.3006,0.0457,0.05,619.63,2026-03-26T00:20:41.422520+00:00,32.6,49.9,0.00377
2026-03-26T00:57:57.302600+00:00,XRP/USDT,SHORT,SL,1.4139,1.41319305,91.293,0.0456,0.05,618.02,2026-03-26T00:15:26.445460+00:00,37.3,41.2,0.00281
2026-03-26T01:02:10.388991+00:00,AVAX/USDT,LONG,SL,9.67,9.674835,92.9442,0.0465,0.05,618.31,2026-03-26T00:54:49.692643+00:00,21.3,55.4,0.00352
2026-03-26T01:29:27.867960+00:00,ADA/USDT,SHORT,SL,0.2696,0.2694652,93.6211,0.0468,0.05,619.23,2026-03-26T00:25:57.049004+00:00,39.3,47.6,0.00404
2026-03-26T01:42:02.984196+00:00,WIF/USDT,LONG,SL,0.19,0.190095,93.2262,0.0466,0.05,619.62,2026-03-26T00:53:45.283413+00:00,16.6,46.3,0.0083
2026-03-26T01:58:19.259241+00:00,BTC/USDT,SHORT,SL,71322.09,71286.428955,92.8847,0.0464,0.05,619.61,2026-03-26T01:29:29.026468+00:00,17.6,52.3,0.003
2026-03-26T02:07:13.441750+00:00,XRP/USDT,LONG,SL,1.4134,1.4096615573364328,92.7033,-0.2452,-0.26,619.12,2026-03-26T00:57:59.402661+00:00,27.8,52.0,0.00264
2026-03-26T02:07:46.708384+00:00,LINK/USDT,LONG,SL,9.37,9.332451407325086,92.9429,-0.3725,-0.4,618.83,2026-03-26T01:42:05.407702+00:00,15.1,57.9,0.00401
2026-03-26T02:09:27.417085+00:00,SUI/USDT,SHORT,TP,0.9665,0.960398299236183,91.2369,0.576,0.63,710.64,2026-03-25T23:45:00.952897+00:00,24.6,46.6,0.00421
2026-03-26T02:17:42.497863+00:00,BTC/USDT,SHORT,TP,71287.58,70974.08736264543,92.9411,0.4087,0.44,606.79,2026-03-26T01:58:19.859378+00:00,17.2,50.0,0.00293
2026-03-26T02:20:20.768001+00:00,AVAX/USDT,SHORT,TP,9.64,9.590109656073967,92.8687,0.4806,0.52,609.12,2026-03-26T02:07:15.860058+00:00,23.4,47.7,0.00345
2026-03-26T02:25:37.280840+00:00,SOL/USDT,SHORT,SL,91.53,91.36889147614778,90.6065,0.1595,0.18,608.52,2026-03-26T02:15:06.317293+00:00,24.6,39.7,0.00352
2026-03-26T02:29:49.348214+00:00,PEPE/USDT,SHORT,SL,3.52e-06,3.508806836842595e-06,92.7464,0.2949,0.32,610.28,2026-03-26T01:02:13.176041+00:00,20.4,46.4,0.00636
2026-03-26T02:32:27.564069+00:00,SUI/USDT,SHORT,TP,0.9603,0.9547137879705855,106.5959,0.6201,0.58,625.95,2026-03-26T02:09:30.491282+00:00,15.5,30.8,0.00388
2026-03-26T02:32:59.819189+00:00,SOL/USDT,SHORT,TP,91.39,90.90667442844331,91.2774,0.4827,0.53,623.82,2026-03-26T02:25:39.267202+00:00,24.6,39.7,0.00353
2026-03-26T02:33:30.979379+00:00,DOGE/USDT,SHORT,TP,0.09522,0.09472822526329257,91.018,0.4701,0.52,621.74,2026-03-26T02:17:44.594217+00:00,14.4,23.6,0.00344
2026-03-26T02:46:39.183015+00:00,AVAX/USDT,SHORT,SL,9.59,9.585205,91.3677,0.0457,0.05,619.89,2026-03-26T02:20:23.357183+00:00,18.6,23.8,0.00367
2026-03-26T03:14:26.857298+00:00,XRP/USDT,SHORT,SL,1.4027,1.4019986500000001,92.9833,0.0465,0.05,619.94,2026-03-26T02:46:40.607333+00:00,22.0,16.2,0.00273
2026-03-26T03:15:01.977609+00:00,BTC/USDT,SHORT,SL,70740.8,70944.47628256408,93.8931,-0.2703,-0.29,713.56,2026-03-26T02:32:28.976921+00:00,17.5,23.7,0.00288
2026-03-26T03:15:02.254535+00:00,ETH/USDT,SHORT,SL,2147.53,2154.354107224301,93.5732,-0.2973,-0.32,806.83,2026-03-26T02:33:00.689933+00:00,12.2,22.5,0.00318
2026-03-26T03:24:03.733274+00:00,LINK/USDT,SHORT,TP,9.29,9.235794930941758,91.542,0.5341,0.58,777.89,2026-03-26T02:29:51.708152+00:00,14.9,32.8,0.00389
2026-03-26T03:27:28.684935+00:00,WIF/USDT,SHORT,SL,0.189,0.1889055,121.0251,0.0605,0.05,898.97,2026-03-26T03:15:07.962245+00:00,40.5,39.3,0.0078
2026-03-26T11:55:12.592843+00:00,SOL/USDT,SHORT,TIMEOUT,90.79,87.67,93.2604,3.2049,3.44,565.73,2026-03-26T02:33:32.396448+00:00,0,0,0
2026-03-26T11:55:12.871595+00:00,WIF/USDT,SHORT,TIMEOUT,0.189,0.187,134.8456,1.4269,1.06,702.01,2026-03-26T03:27:32.134693+00:00,0,0,0
2026-03-26T11:55:13.146913+00:00,XRP/USDT,SHORT,TIMEOUT,1.3978,1.3731,114.6188,2.0254,1.77,818.65,2026-03-26T03:30:18.518141+00:00,0,0,0
2026-03-26T11:55:13.421998+00:00,DOGE/USDT,SHORT,TIMEOUT,0.0943,0.09137,97.426,3.0271,3.11,919.1,2026-03-26T03:30:18.838800+00:00,0,0,0
2026-03-26T11:55:13.697721+00:00,AVAX/USDT,SHORT,TIMEOUT,9.56,9.25,82.8121,2.6853,3.24,1004.6,2026-03-26T03:30:19.159546+00:00,0,0,0
